cell,cache_type,rows,embed_dim,dtype,distribution,n_keys,out_shape,bit_exact,mismatches,max_abs_diff,note
0,NoCache,4096,64,float16,uniform,1024,"(1024, 64)",1,0,0.0,
1,NoCache,4096,64,float16,zipf,1024,"(1024, 64)",1,0,0.0,
2,NoCache,4096,64,float16,sequential,1024,"(1024, 64)",1,0,0.0,
3,NoCache,4096,64,float16,hot_repeat,1024,"(1024, 64)",1,0,0.0,
4,NoCache,4096,64,float16,edges,1024,"(1024, 64)",1,0,0.0,
5,NoCache,4096,64,float32,uniform,1024,"(1024, 64)",1,0,0.0,
6,NoCache,4096,64,float32,zipf,1024,"(1024, 64)",1,0,0.0,
7,NoCache,4096,64,float32,sequential,1024,"(1024, 64)",1,0,0.0,
8,NoCache,4096,64,float32,hot_repeat,1024,"(1024, 64)",1,0,0.0,
9,NoCache,4096,64,float32,edges,1024,"(1024, 64)",1,0,0.0,
10,NoCache,4096,128,float16,uniform,1024,"(1024, 128)",1,0,0.0,
11,NoCache,4096,128,float16,zipf,1024,"(1024, 128)",1,0,0.0,
12,NoCache,4096,128,float16,sequential,1024,"(1024, 128)",1,0,0.0,
13,NoCache,4096,128,float16,hot_repeat,1024,"(1024, 128)",1,0,0.0,
14,NoCache,4096,128,float16,edges,1024,"(1024, 128)",1,0,0.0,
15,NoCache,4096,128,float32,uniform,1024,"(1024, 128)",1,0,0.0,
16,NoCache,4096,128,float32,zipf,1024,"(1024, 128)",1,0,0.0,
17,NoCache,4096,128,float32,sequential,1024,"(1024, 128)",1,0,0.0,
18,NoCache,4096,128,float32,hot_repeat,1024,"(1024, 128)",1,0,0.0,
19,NoCache,4096,128,float32,edges,1024,"(1024, 128)",1,0,0.0,
20,NoCache,4096,512,float16,uniform,1024,"(1024, 512)",1,0,0.0,
21,NoCache,4096,512,float16,zipf,1024,"(1024, 512)",1,0,0.0,
22,NoCache,4096,512,float16,sequential,1024,"(1024, 512)",1,0,0.0,
23,NoCache,4096,512,float16,hot_repeat,1024,"(1024, 512)",1,0,0.0,
24,NoCache,4096,512,float16,edges,1024,"(1024, 512)",1,0,0.0,
25,NoCache,4096,512,float32,uniform,1024,"(1024, 512)",1,0,0.0,
26,NoCache,4096,512,float32,zipf,1024,"(1024, 512)",1,0,0.0,
27,NoCache,4096,512,float32,sequential,1024,"(1024, 512)",1,0,0.0,
28,NoCache,4096,512,float32,hot_repeat,1024,"(1024, 512)",1,0,0.0,
29,NoCache,4096,512,float32,edges,1024,"(1024, 512)",1,0,0.0,
30,NoCache,65536,64,float16,uniform,1024,"(1024, 64)",1,0,0.0,
31,NoCache,65536,64,float16,zipf,1024,"(1024, 64)",1,0,0.0,
32,NoCache,65536,64,float16,sequential,1024,"(1024, 64)",1,0,0.0,
33,NoCache,65536,64,float16,hot_repeat,1024,"(1024, 64)",1,0,0.0,
34,NoCache,65536,64,float16,edges,1024,"(1024, 64)",1,0,0.0,
35,NoCache,65536,64,float32,uniform,1024,"(1024, 64)",1,0,0.0,
36,NoCache,65536,64,float32,zipf,1024,"(1024, 64)",1,0,0.0,
37,NoCache,65536,64,float32,sequential,1024,"(1024, 64)",1,0,0.0,
38,NoCache,65536,64,float32,hot_repeat,1024,"(1024, 64)",1,0,0.0,
39,NoCache,65536,64,float32,edges,1024,"(1024, 64)",1,0,0.0,
40,NoCache,65536,128,float16,uniform,1024,"(1024, 128)",1,0,0.0,
41,NoCache,65536,128,float16,zipf,1024,"(1024, 128)",1,0,0.0,
42,NoCache,65536,128,float16,sequential,1024,"(1024, 128)",1,0,0.0,
43,NoCache,65536,128,float16,hot_repeat,1024,"(1024, 128)",1,0,0.0,
44,NoCache,65536,128,float16,edges,1024,"(1024, 128)",1,0,0.0,
45,NoCache,65536,128,float32,uniform,1024,"(1024, 128)",1,0,0.0,
46,NoCache,65536,128,float32,zipf,1024,"(1024, 128)",1,0,0.0,
47,NoCache,65536,128,float32,sequential,1024,"(1024, 128)",1,0,0.0,
48,NoCache,65536,128,float32,hot_repeat,1024,"(1024, 128)",1,0,0.0,
49,NoCache,65536,128,float32,edges,1024,"(1024, 128)",1,0,0.0,
50,NoCache,65536,512,float16,uniform,1024,"(1024, 512)",1,0,0.0,
51,NoCache,65536,512,float16,zipf,1024,"(1024, 512)",1,0,0.0,
52,NoCache,65536,512,float16,sequential,1024,"(1024, 512)",1,0,0.0,
53,NoCache,65536,512,float16,hot_repeat,1024,"(1024, 512)",1,0,0.0,
54,NoCache,65536,512,float16,edges,1024,"(1024, 512)",1,0,0.0,
55,NoCache,65536,512,float32,uniform,1024,"(1024, 512)",1,0,0.0,
56,NoCache,65536,512,float32,zipf,1024,"(1024, 512)",1,0,0.0,
57,NoCache,65536,512,float32,sequential,1024,"(1024, 512)",1,0,0.0,
58,NoCache,65536,512,float32,hot_repeat,1024,"(1024, 512)",1,0,0.0,
59,NoCache,65536,512,float32,edges,1024,"(1024, 512)",1,0,0.0,
60,NoCache,1048576,64,float16,uniform,1024,"(1024, 64)",1,0,0.0,
61,NoCache,1048576,64,float16,zipf,1024,"(1024, 64)",1,0,0.0,
62,NoCache,1048576,64,float16,sequential,1024,"(1024, 64)",1,0,0.0,
63,NoCache,1048576,64,float16,hot_repeat,1024,"(1024, 64)",1,0,0.0,
64,NoCache,1048576,64,float16,edges,1024,"(1024, 64)",1,0,0.0,
65,NoCache,1048576,64,float32,uniform,1024,"(1024, 64)",1,0,0.0,
66,NoCache,1048576,64,float32,zipf,1024,"(1024, 64)",1,0,0.0,
67,NoCache,1048576,64,float32,sequential,1024,"(1024, 64)",1,0,0.0,
68,NoCache,1048576,64,float32,hot_repeat,1024,"(1024, 64)",1,0,0.0,
69,NoCache,1048576,64,float32,edges,1024,"(1024, 64)",1,0,0.0,
70,NoCache,1048576,128,float16,uniform,1024,"(1024, 128)",1,0,0.0,
71,NoCache,1048576,128,float16,zipf,1024,"(1024, 128)",1,0,0.0,
72,NoCache,1048576,128,float16,sequential,1024,"(1024, 128)",1,0,0.0,
73,NoCache,1048576,128,float16,hot_repeat,1024,"(1024, 128)",1,0,0.0,
74,NoCache,1048576,128,float16,edges,1024,"(1024, 128)",1,0,0.0,
75,NoCache,1048576,128,float32,uniform,1024,"(1024, 128)",1,0,0.0,
76,NoCache,1048576,128,float32,zipf,1024,"(1024, 128)",1,0,0.0,
77,NoCache,1048576,128,float32,sequential,1024,"(1024, 128)",1,0,0.0,
78,NoCache,1048576,128,float32,hot_repeat,1024,"(1024, 128)",1,0,0.0,
79,NoCache,1048576,128,float32,edges,1024,"(1024, 128)",1,0,0.0,
80,NoCache,1048576,512,float16,uniform,1024,"(1024, 512)",1,0,0.0,
81,NoCache,1048576,512,float16,zipf,1024,"(1024, 512)",1,0,0.0,
82,NoCache,1048576,512,float16,sequential,1024,"(1024, 512)",1,0,0.0,
83,NoCache,1048576,512,float16,hot_repeat,1024,"(1024, 512)",1,0,0.0,
84,NoCache,1048576,512,float16,edges,1024,"(1024, 512)",1,0,0.0,
85,NoCache,1048576,512,float32,uniform,1024,"(1024, 512)",1,0,0.0,
86,NoCache,1048576,512,float32,zipf,1024,"(1024, 512)",1,0,0.0,
87,NoCache,1048576,512,float32,sequential,1024,"(1024, 512)",1,0,0.0,
88,NoCache,1048576,512,float32,hot_repeat,1024,"(1024, 512)",1,0,0.0,
89,NoCache,1048576,512,float32,edges,1024,"(1024, 512)",1,0,0.0,
90,LinearUVM,4096,64,float16,uniform,1024,"(1024, 64)",1,0,0.0,
91,LinearUVM,4096,64,float16,zipf,1024,"(1024, 64)",1,0,0.0,
92,LinearUVM,4096,64,float16,sequential,1024,"(1024, 64)",1,0,0.0,
93,LinearUVM,4096,64,float16,hot_repeat,1024,"(1024, 64)",1,0,0.0,
94,LinearUVM,4096,64,float16,edges,1024,"(1024, 64)",1,0,0.0,
95,LinearUVM,4096,64,float32,uniform,1024,"(1024, 64)",1,0,0.0,
96,LinearUVM,4096,64,float32,zipf,1024,"(1024, 64)",1,0,0.0,
97,LinearUVM,4096,64,float32,sequential,1024,"(1024, 64)",1,0,0.0,
98,LinearUVM,4096,64,float32,hot_repeat,1024,"(1024, 64)",1,0,0.0,
99,LinearUVM,4096,64,float32,edges,1024,"(1024, 64)",1,0,0.0,
100,LinearUVM,4096,128,float16,uniform,1024,"(1024, 128)",1,0,0.0,
101,LinearUVM,4096,128,float16,zipf,1024,"(1024, 128)",1,0,0.0,
102,LinearUVM,4096,128,float16,sequential,1024,"(1024, 128)",1,0,0.0,
103,LinearUVM,4096,128,float16,hot_repeat,1024,"(1024, 128)",1,0,0.0,
104,LinearUVM,4096,128,float16,edges,1024,"(1024, 128)",1,0,0.0,
105,LinearUVM,4096,128,float32,uniform,1024,"(1024, 128)",1,0,0.0,
106,LinearUVM,4096,128,float32,zipf,1024,"(1024, 128)",1,0,0.0,
107,LinearUVM,4096,128,float32,sequential,1024,"(1024, 128)",1,0,0.0,
108,LinearUVM,4096,128,float32,hot_repeat,1024,"(1024, 128)",1,0,0.0,
109,LinearUVM,4096,128,float32,edges,1024,"(1024, 128)",1,0,0.0,
110,LinearUVM,4096,512,float16,uniform,1024,"(1024, 512)",1,0,0.0,
111,LinearUVM,4096,512,float16,zipf,1024,"(1024, 512)",1,0,0.0,
112,LinearUVM,4096,512,float16,sequential,1024,"(1024, 512)",1,0,0.0,
113,LinearUVM,4096,512,float16,hot_repeat,1024,"(1024, 512)",1,0,0.0,
114,LinearUVM,4096,512,float16,edges,1024,"(1024, 512)",1,0,0.0,
115,LinearUVM,4096,512,float32,uniform,1024,"(1024, 512)",1,0,0.0,
116,LinearUVM,4096,512,float32,zipf,1024,"(1024, 512)",1,0,0.0,
117,LinearUVM,4096,512,float32,sequential,1024,"(1024, 512)",1,0,0.0,
118,LinearUVM,4096,512,float32,hot_repeat,1024,"(1024, 512)",1,0,0.0,
119,LinearUVM,4096,512,float32,edges,1024,"(1024, 512)",1,0,0.0,
120,LinearUVM,65536,64,float16,uniform,1024,"(1024, 64)",1,0,0.0,
121,LinearUVM,65536,64,float16,zipf,1024,"(1024, 64)",1,0,0.0,
122,LinearUVM,65536,64,float16,sequential,1024,"(1024, 64)",1,0,0.0,
123,LinearUVM,65536,64,float16,hot_repeat,1024,"(1024, 64)",1,0,0.0,
124,LinearUVM,65536,64,float16,edges,1024,"(1024, 64)",1,0,0.0,
125,LinearUVM,65536,64,float32,uniform,1024,"(1024, 64)",1,0,0.0,
126,LinearUVM,65536,64,float32,zipf,1024,"(1024, 64)",1,0,0.0,
127,LinearUVM,65536,64,float32,sequential,1024,"(1024, 64)",1,0,0.0,
128,LinearUVM,65536,64,float32,hot_repeat,1024,"(1024, 64)",1,0,0.0,
129,LinearUVM,65536,64,float32,edges,1024,"(1024, 64)",1,0,0.0,
130,LinearUVM,65536,128,float16,uniform,1024,"(1024, 128)",1,0,0.0,
131,LinearUVM,65536,128,float16,zipf,1024,"(1024, 128)",1,0,0.0,
132,LinearUVM,65536,128,float16,sequential,1024,"(1024, 128)",1,0,0.0,
133,LinearUVM,65536,128,float16,hot_repeat,1024,"(1024, 128)",1,0,0.0,
134,LinearUVM,65536,128,float16,edges,1024,"(1024, 128)",1,0,0.0,
135,LinearUVM,65536,128,float32,uniform,1024,"(1024, 128)",1,0,0.0,
136,LinearUVM,65536,128,float32,zipf,1024,"(1024, 128)",1,0,0.0,
137,LinearUVM,65536,128,float32,sequential,1024,"(1024, 128)",1,0,0.0,
138,LinearUVM,65536,128,float32,hot_repeat,1024,"(1024, 128)",1,0,0.0,
139,LinearUVM,65536,128,float32,edges,1024,"(1024, 128)",1,0,0.0,
140,LinearUVM,65536,512,float16,uniform,1024,"(1024, 512)",1,0,0.0,
141,LinearUVM,65536,512,float16,zipf,1024,"(1024, 512)",1,0,0.0,
142,LinearUVM,65536,512,float16,sequential,1024,"(1024, 512)",1,0,0.0,
143,LinearUVM,65536,512,float16,hot_repeat,1024,"(1024, 512)",1,0,0.0,
144,LinearUVM,65536,512,float16,edges,1024,"(1024, 512)",1,0,0.0,
145,LinearUVM,65536,512,float32,uniform,1024,"(1024, 512)",1,0,0.0,
146,LinearUVM,65536,512,float32,zipf,1024,"(1024, 512)",1,0,0.0,
147,LinearUVM,65536,512,float32,sequential,1024,"(1024, 512)",1,0,0.0,
148,LinearUVM,65536,512,float32,hot_repeat,1024,"(1024, 512)",1,0,0.0,
149,LinearUVM,65536,512,float32,edges,1024,"(1024, 512)",1,0,0.0,
150,LinearUVM,1048576,64,float16,uniform,1024,"(1024, 64)",1,0,0.0,
151,LinearUVM,1048576,64,float16,zipf,1024,"(1024, 64)",1,0,0.0,
152,LinearUVM,1048576,64,float16,sequential,1024,"(1024, 64)",1,0,0.0,
153,LinearUVM,1048576,64,float16,hot_repeat,1024,"(1024, 64)",1,0,0.0,
154,LinearUVM,1048576,64,float16,edges,1024,"(1024, 64)",1,0,0.0,
155,LinearUVM,1048576,64,float32,uniform,1024,"(1024, 64)",1,0,0.0,
156,LinearUVM,1048576,64,float32,zipf,1024,"(1024, 64)",1,0,0.0,
157,LinearUVM,1048576,64,float32,sequential,1024,"(1024, 64)",1,0,0.0,
158,LinearUVM,1048576,64,float32,hot_repeat,1024,"(1024, 64)",1,0,0.0,
159,LinearUVM,1048576,64,float32,edges,1024,"(1024, 64)",1,0,0.0,
160,LinearUVM,1048576,128,float16,uniform,1024,"(1024, 128)",1,0,0.0,
161,LinearUVM,1048576,128,float16,zipf,1024,"(1024, 128)",1,0,0.0,
162,LinearUVM,1048576,128,float16,sequential,1024,"(1024, 128)",1,0,0.0,
163,LinearUVM,1048576,128,float16,hot_repeat,1024,"(1024, 128)",1,0,0.0,
164,LinearUVM,1048576,128,float16,edges,1024,"(1024, 128)",1,0,0.0,
165,LinearUVM,1048576,128,float32,uniform,1024,"(1024, 128)",1,0,0.0,
166,LinearUVM,1048576,128,float32,zipf,1024,"(1024, 128)",1,0,0.0,
167,LinearUVM,1048576,128,float32,sequential,1024,"(1024, 128)",1,0,0.0,
168,LinearUVM,1048576,128,float32,hot_repeat,1024,"(1024, 128)",1,0,0.0,
169,LinearUVM,1048576,128,float32,edges,1024,"(1024, 128)",1,0,0.0,
170,LinearUVM,1048576,512,float16,uniform,1024,"(1024, 512)",1,0,0.0,
171,LinearUVM,1048576,512,float16,zipf,1024,"(1024, 512)",1,0,0.0,
172,LinearUVM,1048576,512,float16,sequential,1024,"(1024, 512)",1,0,0.0,
173,LinearUVM,1048576,512,float16,hot_repeat,1024,"(1024, 512)",1,0,0.0,
174,LinearUVM,1048576,512,float16,edges,1024,"(1024, 512)",1,0,0.0,
175,LinearUVM,1048576,512,float32,uniform,1024,"(1024, 512)",1,0,0.0,
176,LinearUVM,1048576,512,float32,zipf,1024,"(1024, 512)",1,0,0.0,
177,LinearUVM,1048576,512,float32,sequential,1024,"(1024, 512)",1,0,0.0,
178,LinearUVM,1048576,512,float32,hot_repeat,1024,"(1024, 512)",1,0,0.0,
179,LinearUVM,1048576,512,float32,edges,1024,"(1024, 512)",1,0,0.0,
